;GenoRename;C_name;Genotype;vcfName;SNPname;P72;P48;P_height;S72;S48;S_height
1;1.01.01;C1;1.01.01;111;B111;16.12905331;4.819999308;2.333333333;9.483961076;1.664859656;3
2;1.01.02;C2;1.01.02;112;B112;13.56460837;4.670384179;2.666666667;8.648261524;1.685133344;3.333333333
3;1.01.03;C3;1.01.03;113;B113;17.61524276;6.417621956;2;9.549134589;2.213210462;1.971005176
4;1.01.04;C4;1.01.04;114;B114;13.86625426;4.527359486;3;10.85942817;2.498712109;2.666666667
5;1.01.06;C5;1.01.06;B16;B16;18.61694643;5.665377978;3.333333333;8.028828585;2.16789363;3
6;1.01.06;C5;1.01.06;300;B300;18.61694643;5.665377978;3.333333333;8.028828585;2.16789363;3
8;1.01.15;C6;1.01.15;116;B116;19.06911003;5.944155009;3.333333333;10.28386726;2.328435226;2.333333333
9;1.02.01;C7;1.02.01;117;B117;14.86309879;4.334530499;2;7.48362816;1.868821784;2.333333333
10;1.02.02;C8;1.02.02;118;B118;14.4110545;4.116551592;2.666666667;8.217130896;1.804165596;2
11;1.02.03;C9;1.02.03;229;B229;18.3552851;5.839670133;2.666666667;9.739720143;2.514865481;1.333333333
12;1.02.04;C10;1.02.04;230;B230;15.15153429;4.673829923;2.666666667;8.175963007;2.246399246;2.333333333
13;1.02.06;C12;1.02.06;231;B231;16.97832011;4.693474415;2.333333333;6.063121297;1.595284105;1
14;1.02.15;C14;1.02.15;212;B212;15.81367934;4.707294572;4;7.477225514;1.59811849;4.333333333
15;1.02.16;C15;1.02.16;233;B233;13.44975878;3.439516282;3;8.853514289;2.10578818;1.333333333
16;1.02.17;C16;1.02.17;234;B234;14.82055255;4.103376463;2;7.532029221;1.237503043;1.666666667
17;1.02.18;C17;1.02.18;235;B235;18.29755777;5.208158655;2;9.8828894;1.859818721;2.666666667
19;1.02.20;C18;1.02.20;17;B17;17.9315831;5.946440613;2.333333333;7.679642662;1.806563812;1.666666667
20;1.03.02;C19;1.03.02;18;B18;21.01989993;6.012062041;2.333333333;10.14038144;2.308213727;1.333333333
21;1.03.04;C20;1.03.04;19;B19;19.62961126;6.646859054;3.666666667;14.02586786;3.595523399;3.666666667
22;1.03.12;C21;1.03.12;20;B20;19.1030989;5.723034664;3;8.939480793;1.908284849;2.333333333
23;1.03.16;C22;1.03.16;21;B21;17.66358555;5.694415537;4;11.59231127;2.706612876;2
24;1.03.18;C23;1.03.18;22;B22;15.49159666;5.22789967;3.333333333;9.045719273;2.299827695;4.333333333
25;1.03.19;C24;1.03.19;23;B23;19.75573645;5.973551898;2.666666667;9.180766505;1.672264549;1.333333333
26;1.03.20;C25;1.03.20;24;B24;19.03137787;5.132204726;2;10.35922615;1.994847007;0.333333333
27;1.03.22;C26;1.03.22;25;B25;17.05551089;5.480886791;3.069854871;8.835776829;1.914332507;2
28;1.03.23;C27;1.03.23;26;B26;18.34944819;5.571432019;3;9.089189727;1.762599618;1.666666667
29;1.04.01;C28;1.04.01;27;B27;15.7073421;4.991693196;2.666666667;7.164415598;1.642150011;4
30;1.04.02;C29;1.04.02;302;B302;17.94069016;5.020555566;3.333333333;7.539943776;1.815641189;2
31;1.04.03;C30;1.04.03;301;B301;18.5268658;5.360399263;4;8.146253108;1.833173611;3.333333333
32;1.04.04;C31;1.04.04;30;B30;21.24962891;6.632927782;3.333333333;8.692175082;2.05843308;3.333333333
33;1.04.05;C32;1.04.05;31;B31;19.38543148;5.838889504;3.333333333;8.428913788;1.503105696;3
34;1.04.12;C33;1.04.12;32;B32;13.57343616;3.797077112;3;5.826149677;1.700310679;2.666666667
35;1.04.15;C34;1.04.15;33;B33;17.9010562;4.885397593;1.666666667;4.82360454;1.398022301;2
36;1.04.17;C35;1.04.17;34;B34;17.30414156;4.97675162;3.666666667;9.530041289;1.917973914;4.333333333
37;1.04.19;C36;1.04.19;35;B35;12.79986674;3.911209511;1.666666667;6.459718731;1.72224548;2.333333333
38;1.04.20;C37;1.04.20;36;B36;13.68904647;3.867782842;2.666666667;4.637973085;1.264487924;3.333333333
39;1.04.21;C38;1.04.21;37;B37;15.49416032;4.321956402;3.666666667;4.919931572;1.26192679;3.333333333
40;1.04.25;C39;1.04.25;38;B38;14.95276791;4.120670266;3.333333333;6.232924879;1.046880047;2
41;1.05.04;C40;1.05.04;39;B39;16.70618985;4.991929695;2.333333333;7.377031301;1.795208153;1.666666667
42;1.05.11;C41;1.05.11;40;B40;14.63631619;4.369266079;3.333333333;5.686817821;1.211783618;3
43;1.05.14;C42;1.05.14;41;B41;16.24866086;4.372952242;3;4.994606022;1.308682328;2.666666667
44;1.05.16;C43;1.05.16;42;B42;13.46896933;3.503566003;2.666666667;4.325645743;0.950636742;2.666666667
45;1.05.17;C44;1.05.17;43;B43;18.24998985;4.651941896;1.666666667;7.737909578;1.26514942;0.333333333
46;1.05.22;C45;1.05.22;44;B44;12.45707625;3.361235492;1;10.59991372;2.415675879;0.333333333
47;1.05.24;C46;1.05.24;45;B45;13.16094013;3.894448582;1.666666667;8.366425272;1.807203607;1.333333333
48;2.04.03;C47;2.04.03;46;B46;13.99041791;3.928219768;2;7.403725355;1.087112907;2
49;2.04.04;C48;2.04.04;47;B47;15.45965819;4.086746352;3.333333333;9.629056478;1.674030395;0.333333333
50;2.04.08;C49;2.04.08;48;B48;18.85099945;4.807837948;3.333333333;10.67611837;2.514082741;0.666666667
51;2.04.09;C50;2.04.09;49;B49;18.67144002;6.051953828;2.666666667;9.709228755;1.825388498;0.333333333
52;2.04.11;C51;2.04.11;50;B50;16.59811013;4.444079424;3.333333333;9.066501754;1.76138341;0.666666667
53;2.04.12;C52;2.04.12;51;B51;17.90090976;4.521390144;2.333333333;9.078749313;1.596825609;0.333333333
54;2.04.14;C53;2.04.14;52;B52;17.65236073;4.548006666;2.666666667;8.853742806;1.597937498;1
55;2.04.17;C54;2.04.17;53;B53;17.71222381;5.28161115;2;8.776943444;1.702099164;0.666666667
56;2.04.18;C55;2.04.18;54;B54;18.21047373;5.224179148;2;8.528960463;1.128525269;0.666666667
57;2.04.20;C56;2.04.20;55;B55;18.94612829;5.152056915;2.333333333;9.595145264;1.423490466;-7.11E-15
58;2.04.21;C57;2.04.21;56;B56;16.94087752;4.616215448;2.333333333;7.300446934;1.437580027;1.333333333
59;2004;C58;2004;58;B58;14.04845734;4.841058337;2.333333333;7.460739184;1.678018585;1.666666667
60;Acacia;C61;Acacia;B1;B1;16.99433037;3.523718152;4.44E-15;5.486431035;1.150745893;0.666666667
61;Apple404;C62;Apple404;59;B59;16.14290656;4.587708878;1;8.273841902;1.768106452;0.666666667
62;Apple517;C63;A517;B2;B2;18.98812774;5.606685736;3;8.157389488;1.801960125;0.333333333
63;Ausubel;C64;Ausubel;60;B60;10.11593297;2.356460824;2.333333333;6.039937611;1.266267894;1
64;B05.10;C65;BO5.10;B3;B3;18.22649902;5.714310495;3.333333333;9.142345322;1.466371033;4.666666667
65;BMM;C66;BMM;61;B61;16.39170266;4.815966232;3.333333333;7.031367401;1.549674024;4
66;BPA1;C67;BPA1;62;B62;15.85263899;4.677582863;3.666666667;8.63162011;1.580982068;2.666666667
67;DavisNavel;C68;Davis Navel;B10;B10;9.673016159;2.03421653;1;2.121401644;1.138155653;1.666666667
68;EsparatoFresa;C69;Esparato Fresa;63;B63;16.7557854;4.248824694;2;7.834330508;1.625770956;1.666666667
69;Fd1;C70;Fd1;64;B64;15.11136529;3.869285845;1.666666667;9.506065369;2.248651504;0.666666667
70;Fd2;C71;Fd2;65;B65;16.26171733;4.893411725;2;8.315947331;1.890003307;1
71;Fresa525;C72;Fresa525;66;B66;20.99888944;5.158966692;2.666666667;8.842353305;1.914322851;2.333333333
72;FresaSD;C73;FSD;400;X400;15.26133362;5.364387584;3.333333333;12.97947169;2.457227143;0.333333333
73;Gallo1;C74;GLO1;B6;B6;15.9428931;5.583568364;3.666666667;11.30648026;3.126878408;4
74;Gallo2;C75;Glo2;401;X401;16.00215499;5.242628856;3.333333333;7.173429729;1.44289256;1.666666667
75;Geranium;C77;Geranium;B7;B7;18.19398197;5.931607693;3.666666667;10.9945641;3.662301665;4.333333333
76;Grape;C78;Grape;B5;B5;16.27536382;4.646015764;1;5.143412918;1.197596773;1
77;KatieTomato;C79;KatieTomato;B9;B9;18.48224754;5.919967051;0.666666667;8.0156338;1.572052104;0.666666667
78;KernA2;C80;KazS23;402;X402;19.82691491;6.890338342;2;5.100592679;1.337514682;4
79;KernB1;C81;Kern B1;67;B67;17.56559328;6.673134468;1.666666667;6.353562266;1.737864395;1.333333333
80;KernB2;C82;Kern B2;68;B68;20.91520563;6.997493097;1.333333333;11.67788485;3.284160029;0.666666667
81;KGB1;C83;KGB1;69;B69;18.4922742;8.642540671;1.666666667;6.688020227;2.032218421;0.333333333
82;KGB2;C84;KGB2_S24;403;X403;20.21646149;6.488401108;2.333333333;7.400056509;1.669355949;3
83;MEAP6G;C85;MEA PGG;70;B70;15.49372128;4.332993065;2;6.379801259;1.244827847;0.333333333
84;Mex03;C86;Mex03;71;B71;22.2327771;6.23472437;1;9.408455976;1.968563378;0.666666667
85;Molly;C87;Molly;305;X305;16.17110802;4.934463938;3.333333333;9.645799603;1.97092045;2.666666667
86;Navel;C88;Navel;73;B73;16.84774131;4.419795788;0.333333333;7.46803681;1.467669194;2.333333333
87;NobleRot;C89;Noble Rot;B14;B14;9.214073724;1.865466143;1.333333333;2.113780744;0.660987713;1
88;Peachy;C90;Peachy;303;B303;19.45844894;4.926543098;4;5.900565604;1.196350307;3.666666667
89;Pepper;C91;Pep_S25;404;X404;21.77111269;6.537527711;0.333333333;11.27046462;2.352231494;1.666666667
90;PepperSub;C92;Ps_S26;405;X405;10.59185932;2.6473614;1;5.396003554;1.12147788;0.333333333
91;PhiloMenlo;C93;Philo Mendo;75;B75;16.0349263;4.667321731;2;7.477099959;1.179056381;0.666666667
93;Rasp;C94;Rasp;304;B304;17.81308723;5.478362557;3;10.03446828;1.993183378;2.666666667
95;Rose;C95;Rose;B13;B13;14.13940399;4.621491724;0.666666667;3.432178741;1.20917286;1
96;Supersteak;C96;SS_S27;406;X406;19.92155687;6.07789988;3.333333333;8.837632772;2.032419409;2.333333333
97;Triple3;C97;T3;77;B77;19.58141764;6.633632957;1.666666667;9.680249528;2.472062585;0.666666667
98;Triple7;C98;T7;78;B78;20.15770571;7.411064952;3.333333333;10.95647638;3.196186739;3.666666667
99;UKRazz;C99;UKR;B15;B15;21.23706495;8.322256748;2.666666667;14.6877779;3.728202235;2.666666667
102;94.1;C59;NA;NA;NA;15.62057987;4.867721607;5;9.520768787;2.508763222;5
103;94.4;C60;NA;NA;NA;18.27651542;5.225147036;1.333333333;9.264520513;1.767761811;2.666666667
